0,icecream@tastes.good,pbkdf2:sha256:260000$1GvmeoAkcWb89TyU$5f711eafb243c1c1a884715dd9bd6d185f29ccd3dab59ad19cc201a7260091cb,Joey,Shmoey
2,testtest2@test.com,pbkdf2:sha256:260000$1GvmeoAkcWb89TyU$5f711eafb243c1c1a884715dd9bd6d185f29ccd3dab59ad19cc201a7260091cb,Sally,Jenkins
3,testtest3@test.com,pbkdf2:sha256:260000$1GvmeoAkcWb89TyU$5f711eafb243c1c1a884715dd9bd6d185f29ccd3dab59ad19cc201a7260091cb,John,Martin
1,t@qqgjyx.com,pbkdf2:sha256:600000$sTOToIpTZVE7hrgF$95c9dcb5432d98fb83a0697f6621757629f6bc0c7b069aa73f1e40457f088767,Juntang,Wang
7,admin@qqgjyx.com,pbkdf2:sha256:600000$cyOuAMZGITFcZ6rt$34252fb9dceea021fd147b14bd1dfdef35428307393311beddc9cc9b50772f1f,admin,admin
8,tamaramorrison@hotmail.com,pbkdf2:sha256:600000$Q3QxqunLxXcShW0u$527ed46300f802051fecaac962a877802cd08913e662d7ff159a21bbe4b7cc7f,Gary,Cross
9,woodtina@gmail.com,pbkdf2:sha256:600000$hDcRiCIm2kzCFCZB$21f6931be879565c2a301d3bccb3053d89795f1308bb676c5969023bf174fa58,Denise,Thornton
10,rogersbrandon@yahoo.com,pbkdf2:sha256:600000$LuwYOa90CU3JMuk6$a1e668d4d0b41035687dbd044b72481b6539d97fe7639b0d1782c819cbf959a7,Christina,Saunders
11,davidbanks@yahoo.com,pbkdf2:sha256:600000$hC1fJflX3LhSqPnS$aa9ea790d4438b0e6ebbe7bc19b263c4eca8b7833e5b041d260903dc34336058,Kathleen,Collins
12,samanthasims@yahoo.com,pbkdf2:sha256:600000$xAmrrgPHVj32hxDa$623aee68639d7c1b6fc83730069a827fe6ebaa621de34fb3d1705292dcbfae28,Timothy,Parker
13,amyvelazquez@gmail.com,pbkdf2:sha256:600000$l0bftou3FhfIJJ3x$22b99f0121fc3607ca625270960727ea0a3591ea6d245c5d4211d113a87498c0,Dr.,DDS
14,dpatrick@gmail.com,pbkdf2:sha256:600000$C0qnUtMwyig7aiUi$e767f9ba588d32832f1a60053bf35aee627a62d3dfabac0b313563276906f7d5,John,Gibbs
15,huberrachel@gmail.com,pbkdf2:sha256:600000$6s6xnbhhJkh6f3T2$43ea72e2e6744b43367116acd5d69e92fa799ae5338c5cbbaf7839d4c7e3a7a3,Julie,Chen
16,karicarter@yahoo.com,pbkdf2:sha256:600000$peYXifuwbKF3uaLm$3c4141a61997cd60899e28086cb121d765a4c628962b9a9de8a4979cfe6c5209,Ashley,Cooper
17,bramirez@gmail.com,pbkdf2:sha256:600000$UXu1vNs4citTQCeF$66e3467e24b2363fe3672e76be9773eaa73a668aa48800e0d19e1ccbcbb983f8,Christina,Smith
18,mcdanielchristopher@hotmail.com,pbkdf2:sha256:600000$UwnjDqWhdkWa2T0l$48ac8128587cf08ef334c10fe57a35fc14041128a7934d3a383609e4d6537480,Leslie,Taylor
19,fcarpenter@yahoo.com,pbkdf2:sha256:600000$3hyRTPlPFcDQE9S1$f8a5d037465b47c4b8b4d960f53c8a2b129530911200e8f8a5403685dc239fde,Amanda,Schultz
20,nhenson@yahoo.com,pbkdf2:sha256:600000$giwRq5BEOsARtTT6$4b686866e4f5217a2cab2f4c56259de2441b35cb8dc0ec132a0d80680210587f,Kristen,Smith
21,taylorjamie@yahoo.com,pbkdf2:sha256:600000$rnSs2FHDeZoYyuRA$f016b371c3b9861caf5ec27f9b1b9b27bfefa6040adeb57c919824df6aa55105,Mitchell,Payne
22,areyes@yahoo.com,pbkdf2:sha256:600000$XOzI2F71nypwFZG2$e673ddc46d022d1518381c960983e9bc0fb1741bfa067f1f20c4f88f8a123940,Katherine,Brown
